ovJrr4luVZac1LYwwnXlP8pbiGds,T0001,2020/09/29,1601343724885,AAA,12369854562,2020/10/15,选择的地址,D20200929000001
ovJrr4luVZac1LYwwnXlP8pbiGds,T0001,2020-09-29,1601343724885,张志,12385697458,2020/12/12,浙一,D20200929000002
jCjlyh6Jz1blLapdgGv6gJcbDKcG0W6i,T001 ,2020-9-29 ,1601290950899,张三,18956321478,2020/09/31,选择医院的地址,D20200829000001
jCjlyh6Jz1blLapdgGv6gJcbDKcG0W6i,T0001,2020-9-29 ,1601360586289,张三,18956321478,2020/09/31,选择医院的地址,D202008292     
jCjlyh6Jz1blLapdgGv6gJcbDKcG0W6i,T0001,2020-9-29 ,1601360586289,张三,18956321478,2020/09/31,选择医院的地址,D202008293     
jCjlyh6Jz1blLapdgGv6gJcbDKcG0W6i,T0001,2020-9-29 ,1601360586289,张三,18956321478,2020/09/31,选择医院的地址,D202008294     
jCjlyh6Jz1blLapdgGv6gJcbDKcG0W6i,T0001,2020-9-29 ,1601360586289,张三,18956321478,2020/09/31,选择医院的地址,D20200829000005
16T1AbDj2BWaGCuEMpJSYi5fdxpFReLq,T0001,2020-9-29 ,1601367821557,大大大,1895621489 ,2020/10/27,浙一,D20200829000006
16T1AbDj2BWaGCuEMpJSYi5fdxpFReLq,T0001,2020-9-29 ,1601367932327,大大大,1895621489 ,2020/10/27,浙一,D20200829000007
16T1AbDj2BWaGCuEMpJSYi5fdxpFReLq,T0001,2020-9-29 ,1601367984789,大大大,1895621489 ,2020/10/27,浙一,D20200829000008
16T1AbDj2BWaGCuEMpJSYi5fdxpFReLq,T0001,2020-9-29 ,1601368047498,大大大,1895621489 ,2020/10/27,浙一,D20200829000009
wk7lpB0HQXQ0Nkw5e33jti3vojXGQbhJ,T0001,2020-9-29 ,1601368611859,大大大,18956321496,2020/10/29,浙一,D20200829000010
N51LEBJBb2uu3wyG3SJSFTFhMnKzGS1Y,T0001,2020-9-29 ,1601368701658,大大大,18963254852,2020/10/29,浙二,D20200829000011
jXVI2fErMaLitmk8dRVr0y47kvJI29d5,T0001,2020-9-29 ,1601368743967,大大大,18965231489,2020/10/29,浙一,D20200829000012
jYGU9wi1Glp6OxsocRJwojqmNAq0LNK1,T0001,2020-9-29 ,1601368778149,大大大,18956314568,2020/10/29,浙一,D20200829000013
u8kMyY7KzUCaFrXsAUStbNDgcyxa1PSv,T0001,2020-9-29 ,1601368863737,嘻嘻嘻,15698453654,2020/10/29,浙一,D20200829000014
NEKCUJUFXFsf0U37gXNqX5hgqm9VcJZv,NULL,2020-10-14,1602643328744,大大啊啊,14894521234,2020/10/14,浙一,D20200914000001
PB4BYBhL6Ri3ht5VhQVX6VtjIXbVRBbU,NULL,2020-10-14,1602644041333,大大大,18952459852,2020/10/15,浙一,D20200914000002
qdTPbFR52qpNSl7vpgY6q5nlhm4bMWPp,T0001,2020-10-14,1602644425158,大大大,18965231456,2020/10/14,,D20200914000003
qdTPbFR52qpNSl7vpgY6q5nlhm4bMWPp,T0001,2020-10-14,1602644458790,大大大,18965231456,2020/10/14,,D20200914000004
z6MdU8kwYutUShDdD17k3uXmUAdoC2UJ,T0001,2020-10-14,1602644950806,dadada,18956321478,2020/10/15,浙一,D20200914000005
Bi0HJKByilrDTdQXaDYxij7InhSYWkPy,T0001,2020-10-14,1602645295694,大大大,18956321478,2020/10/16,太铭,D20200914000006
lYg0NxkQSJqu7llVmWK4fRP0v3J1fXs8,T0001,2020-10-14,1602645382858,大大大,18965231456,2020/10/16,太铭,D20200914000007
ovJrr4luVZac1LYwwnXlP8pbiGds,T0001,2020-10-14,1602657125553,大大大,18963254156,2020/10/15,浙一,D20200914000008
ovJrr4luVZac1LYwwnXlP8pbiGds,T0001,2020-10-14,1602658021275,大大大,18965231496,2020/10/15,浙一,D20200914000009
ovJrr4luVZac1LYwwnXlP8pbiGds,T0001,2020-10-14,1602658636086,大大大,18965231459,2020/10/14,浙一,D20200914000010
ovJrr4luVZac1LYwwnXlP8pbiGds,T0001,2020-10-14,1602658657491,大大大,18965231459,2020/10/14,浙一,D20200914000011
ovJrr4luVZac1LYwwnXlP8pbiGds,T0001,2020-10-14,1602658761095,大大大,78963254125,2020/10/14,浙一,D20200914000012
ovJrr4luVZac1LYwwnXlP8pbiGds,T0001,2020-10-14,1602659981390,大大大,18951113652,2020/10/14,浙一,D20200914000013
ovJrr4luVZac1LYwwnXlP8pbiGds,T0001,2020-10-14,1602660060680,大大大,15632569874,2020/10/14,浙一,D20200914000014
ovJrr4luVZac1LYwwnXlP8pbiGds,T0001,2020-10-14,1602660103968,大大大,18963251456,2020/10/14,浙一,D20200914000015
ovJrr4luVZac1LYwwnXlP8pbiGds,T0002,2020-10-14,1602660221504,大大大,18965231569,2020/10/14,浙一,D20200914000016
ovJrr4luVZac1LYwwnXlP8pbiGds,T0002,2020-10-14,1602682505612,大大大,18963251478,2020/10/15,浙一,D20200914000017
ovJrr4luVZac1LYwwnXlP8pbiGds,T0002,2020-10-14,1602682630115,大大大,18963251478,2020/10/15,浙一,D20200914000018
ovJrr4luVZac1LYwwnXlP8pbiGds,T0002,2020-10-15,1602725274616,大大大大,18956321459,2020/10/16,浙一,D20200915000001
ovJrr4luVZac1LYwwnXlP8pbiGds,T0002,2020-10-15,1602725294218,大大大大,18956321459,2020/10/16,浙一,D20200915000002
ovJrr4luVZac1LYwwnXlP8pbiGds,T0002,2020-10-15,1602725370696,大大大大,18956321459,2020/10/16,浙一,D20200915000003
ovJrr4luVZac1LYwwnXlP8pbiGds,T0002,2020-10-15,1602744409214,dadada,18963251458,2020/10/16,浙一,D20200915000004
ovJrr4luVZac1LYwwnXlP8pbiGds,T0002,2020-10-15,1602744707858,dadada,18963251478,2020/10/17,浙一,D20200915000005
ovJrr4luVZac1LYwwnXlP8pbiGds,T0002,2020-10-15,1602744838388,dadada,18963251463,2020/11/15,浙一,D20200915000006
ovJrr4luVZac1LYwwnXlP8pbiGds,NULL,2020-10-15,1602746172436,eqew,18963251236,2020/10/16,浙一,D20200915000007
ovJrr4luVZac1LYwwnXlP8pbiGds,NULL,2020-10-15,1602746211926,dadad,18963251236,2020/10/16,浙二,D20200915000008
ovJrr4luVZac1LYwwnXlP8pbiGds,NULL,2020-10-15,1602746314122,dadad,           ,2020/10/16,浙二,D20200915000009
ovJrr4luVZac1LYwwnXlP8pbiGds,NULL,2020-10-15,1602746317600,,           ,2020/10/16,浙二,D20200915000010
ovJrr4luVZac1LYwwnXlP8pbiGds,NULL,2020-10-15,1602746558814,,           ,          ,,D20200915000011
ovJrr4luVZac1LYwwnXlP8pbiGds,NULL,2020-10-15,1602746652130,,           ,          ,,D20200915000012
ovJrr4luVZac1LYwwnXlP8pbiGds,T0002,2020-10-15,1602747846659,dadaada,18963256321,2020/10/16,浙一,D20200915000013
ovJrr4luVZac1LYwwnXlP8pbiGds,T0002,2020-10-15,1602747857534,,           ,2020/10/16,浙一,D20200915000014
ovJrr4luVZac1LYwwnXlP8pbiGds,T0002,2020-10-15,1602747875207,,           ,2020/10/16,浙一,D20200915000015
ovJrr4luVZac1LYwwnXlP8pbiGds,T0002,2020-10-15,1602747986765,,           ,          ,,D20200915000016
ovJrr4luVZac1LYwwnXlP8pbiGds,T0002,2020-10-15,1602747995857,dadad,           ,          ,,D20200915000017
ovJrr4luVZac1LYwwnXlP8pbiGds,T0002,2020-10-15,1602748039573,eqeqeq,e2e        ,          ,,D20200915000018
ovJrr4luVZac1LYwwnXlP8pbiGds,T0002,2020-10-15,1602748151022,dada,18956321234,2020/10/16,浙一,D20200915000019
ovJrr4luVZac1LYwwnXlP8pbiGds,NULL,2020-10-15,1602748219045,dadaa,18956321459,2020/10/15,浙一,D20200915000020
ovJrr4luVZac1LYwwnXlP8pbiGds,NULL,2020-10-15,1602748317981,dadada,15612345698,2020/10/16,浙一,D20200915000021
ovJrr4luVZac1LYwwnXlP8pbiGds,NULL,2020-10-15,1602748530107,dada,18963251478,2020/10/16,浙一,D20200915000022
ovJrr4luVZac1LYwwnXlP8pbiGds,NULL,2020-10-15,1602748546492,dada,18963251478,2020/10/16,浙一,D20200915000023
ovJrr4luVZac1LYwwnXlP8pbiGds,T0002,2020-10-15,1602748938237,dadadaa,18953651478,2020/10/15,浙一,D20200915000024
ovJrr4luVZac1LYwwnXlP8pbiGds,T0002,2020-10-20,1603189461776,刘路,18953681475,2020/10/21,浙一,D20200920000001
ovJrr4p_Zr6C_tkXXWlwmKY-kwwQ,T0002,2020-10-20,1603190056172,yh,123456789  ,2020/10/20,浙二,D20200920000002
ovJrr4liHTKzdAulOQiAvtraFum4,T0002,2020-10-21,1603243868150,王姝予,18167150668,2020/10/21,太铭,D20200921000001
ovJrr4luVZac1LYwwnXlP8pbiGds,T0002,2020-10-29,1603935268404,qwe,18965321478,2020/10/30,浙一,D20201029000001
ovJrr4luVZac1LYwwnXlP8pbiGds,T0002,2020-10-29,1603949588880,张思,18965412367,2020/11/29,浙一,D20201029000002
ovJrr4luVZac1LYwwnXlP8pbiGds,T0002,2020-10-29,1603949588880,张思,18965412367,2020/11/29,浙一,D20201029000003
ovJrr4luVZac1LYwwnXlP8pbiGds,T0002,2020-10-29,1603953176700,D,18965471598,2020/10/30,浙一,D20201029000004
ovJrr4vssF01SwA9Z-UyljAjheSY,T0002,2020-10-29,1603973010785,颜颢,18580669066,2020/11/6 ,浙一,D20201029000005
